{"num_clients": 20, "num_classes": 8, "feature_dim": 29, "non_iid": true, "balance": false, "partition": "by_node", "client_partition": "by_node", "Size of samples for labels in clients": [[[2, 304], [3, 553], [4, 609], [5, 895], [6, 912], [7, 396]], [[2, 588], [3, 755], [4, 609], [5, 608], [6, 912], [7, 202]], [[2, 304], [3, 304], [4, 304], [5, 1451], [6, 608], [7, 695]], [[2, 304], [3, 529], [4, 304], [5, 1439], [6, 608], [7, 636]], [[0, 225], [2, 304], [3, 304], [4, 304], [5, 870], [6, 913], [7, 899]], [[0, 304], [1, 304], [2, 304], [3, 304], [4, 304], [5, 608], [6, 608], [7, 936]], [[0, 304], [1, 304], [2, 304], [3, 304], [4, 304], [5, 608], [6, 608], [7, 926]], [[0, 512], [2, 608], [3, 304], [4, 304], [5, 608], [6, 608], [7, 724]], [[0, 535], [2, 608], [3, 304], [4, 304], [5, 608], [6, 608], [7, 841]], [[0, 304], [2, 608], [3, 751], [4, 304], [5, 608], [6, 608], [7, 634]], [[0, 304], [2, 608], [4, 608], [5, 608], [6, 608], [7, 1086]], [[1, 304], [2, 911], [3, 200], [4, 608], [5, 608], [6, 608], [7, 439]], [[0, 182], [1, 304], [2, 608], [3, 236], [4, 911], [5, 304], [6, 912], [7, 208]], [[1, 304], [2, 608], [3, 397], [4, 910], [5, 304], [6, 912], [7, 238]], [[1, 304], [2, 608], [3, 148], [4, 608], [5, 843], [6, 912], [7, 385]], [[1, 304], [2, 608], [3, 210], [4, 608], [5, 600], [6, 912], [7, 429]], [[1, 304], [2, 304], [3, 304], [4, 608], [5, 599], [6, 912], [7, 634]], [[0, 163], [1, 304], [2, 304], [3, 474], [4, 304], [5, 1143], [6, 912], [7, 215]], [[1, 304], [2, 304], [3, 702], [4, 304], [5, 898], [6, 912], [7, 246]], [[1, 304], [2, 304], [3, 718], [4, 304], [5, 898], [6, 912], [7, 380]]], "client_profiles": [{"compute_capacity": 0.5775806854408577, "link_quality": 0.3127175620380173, "energy_level": 0.3022865528262741, "expected_uptime": 0.4022903524654885, "availability": 0.4022903524654885, "dropout_risk": 0.5977096475345115, "mobility_score": 0.5544774268892203, "burstiness": 0.22028191926262405, "throughput": 101880.46402093327, "delay": 0.476732882686437, "snr": 6.287767347816514, "recv_ratio": 0.6885963338953259, "profile_source": "data_driven_from_fanet_node_state_and_qos", "cluster_id": 1}, {"compute_capacity": 0.29074417378486167, "link_quality": 0.5040959605229269, "energy_level": 0.46745753015955915, "expected_uptime": 0.41843130605559375, "availability": 0.41843130605559375, "dropout_risk": 0.5815686939444062, "mobility_score": 0.6735457139714109, "burstiness": 0.20131449959509026, "throughput": 58481.948159442385, "delay": 0.4340080592463515, "snr": 6.403756808362662, "recv_ratio": 0.5417638459564116, "profile_source": "data_driven_from_fanet_node_state_and_qos", "cluster_id": 0}, {"compute_capacity": 0.54717667771578, "link_quality": 0.5683365753756551, "energy_level": 0.5255053366387068, "expected_uptime": 0.5480812395736143, "availability": 0.5480812395736143, "dropout_risk": 0.4519187604263857, "mobility_score": 0.7991513185176486, "burstiness": 0.21474308714278048, "throughput": 98865.61326931471, "delay": 0.49522915757311214, "snr": 6.686685481821933, "recv_ratio": 0.5979886930970733, "profile_source": "data_driven_from_fanet_node_state_and_qos", "cluster_id": 0}, {"compute_capacity": 0.5547990115376644, "link_quality": 0.6789589274127212, "energy_level": 0.12463679074561365, "expected_uptime": 0.46920631585631906, "availability": 0.46920631585631906, "dropout_risk": 0.5307936841436809, "mobility_score": 0.62603454624645, "burstiness": 0.1884397103333125, "throughput": 97173.13675392671, "delay": 0.38807413612565445, "snr": 6.5233972246182965, "recv_ratio": 0.6653548743441038, "profile_source": "data_driven_from_fanet_node_state_and_qos", "cluster_id": 1}, {"compute_capacity": 0.47261835390158247, "link_quality": 0.5198472548996248, "energy_level": 0.2827695339103818, "expected_uptime": 0.43219382325353706, "availability": 0.43219382325353706, "dropout_risk": 0.5678061767464629, "mobility_score": 0.7374176702046975, "burstiness": 0.20045305426263074, "throughput": 68980.55993294217, "delay": 0.4439302179379715, "snr": 6.44190492009515, "recv_ratio": 0.6805013192612137, "profile_source": "data_driven_from_fanet_node_state_and_qos", "cluster_id": 1}, {"compute_capacity": 0.3389014803719645, "link_quality": 0.6844947699261577, "energy_level": 0.6330030727452849, "expected_uptime": 0.5480896094279282, "availability": 0.5480896094279282, "dropout_risk": 0.45191039057207183, "mobility_score": 0.555660252575317, "burstiness": 0.19116101603988836, "throughput": 55819.0407318667, "delay": 0.39410890873448046, "snr": 6.55679309694429, "recv_ratio": 0.6449149926868215, "profile_source": "data_driven_from_fanet_node_state_and_qos", "cluster_id": 2}, {"compute_capacity": 0.34751309319134505, "link_quality": 0.6570429308263318, "energy_level": 0.21357555117682908, "expected_uptime": 0.4156672737592356, "availability": 0.4156672737592356, "dropout_risk": 0.5843327262407644, "mobility_score": 0.6279473599601026, "burstiness": 0.19521361294943132, "throughput": 75236.62734818699, "delay": 0.4565152905198776, "snr": 6.650028632423502, "recv_ratio": 0.5359756030671684, "profile_source": "data_driven_from_fanet_node_state_and_qos", "cluster_id": 0}, {"compute_capacity": 0.8441946759503973, "link_quality": 0.2476204351917554, "energy_level": 0.35506379508305574, "expected_uptime": 0.4886544274246702, "availability": 0.4886544274246702, "dropout_risk": 0.5113455725753298, "mobility_score": 0.9784069521597026, "burstiness": 0.24694936477674223, "throughput": 121116.5173391494, "delay": 0.5954495092693566, "snr": 6.556387823792363, "recv_ratio": 0.7771375961509904, "profile_source": "data_driven_from_fanet_node_state_and_qos", "cluster_id": 1}, {"compute_capacity": 0.8936640677063223, "link_quality": 0.37506133041756495, "energy_level": 0.05, "expected_uptime": 0.45905388934336055, "availability": 0.45905388934336055, "dropout_risk": 0.5409461106566394, "mobility_score": 0.5746562708252891, "burstiness": 0.21555766681141497, "throughput": 139978.46050420168, "delay": 0.5465697478991598, "snr": 6.487198860892191, "recv_ratio": 0.855751246142891, "profile_source": "data_driven_from_fanet_node_state_and_qos", "cluster_id": 1}, {"compute_capacity": 0.41258882959769183, "link_quality": 0.5916999761476536, "energy_level": 0.3840068871517387, "expected_uptime": 0.46670314815639247, "availability": 0.46670314815639247, "dropout_risk": 0.5332968518436075, "mobility_score": 0.8594036693087515, "burstiness": 0.2013576417904052, "throughput": 63213.46132886187, "delay": 0.4611272269964368, "snr": 6.589258658222365, "recv_ratio": 0.6049944922039133, "profile_source": "data_driven_from_fanet_node_state_and_qos", "cluster_id": 0}, {"compute_capacity": 0.5249349512526685, "link_quality": 0.49995102729448304, "energy_level": 0.5504812047745056, "expected_uptime": 0.5238544539238548, "availability": 0.5238544539238548, "dropout_risk": 0.47614554607614523, "mobility_score": 0.8283747811449096, "burstiness": 0.19297820095281948, "throughput": 42996.85558811218, "delay": 0.38622561741314354, "snr": 6.266472731178622, "recv_ratio": 0.8458301743745261, "profile_source": "data_driven_from_fanet_node_state_and_qos", "cluster_id": 0}, {"compute_capacity": 0.7577268932170446, "link_quality": 0.3007610890893656, "energy_level": 0.5705498425490371, "expected_uptime": 0.5416357465719546, "availability": 0.5416357465719546, "dropout_risk": 0.45836425342804543, "mobility_score": 0.6179807093343597, "burstiness": 0.22423661626791677, "throughput": 112330.78729882557, "delay": 0.5075743801652892, "snr": 6.347789635491915, "recv_ratio": 0.8256871389701282, "profile_source": "data_driven_from_fanet_node_state_and_qos", "cluster_id": 1}, {"compute_capacity": 0.25925795834747445, "link_quality": 0.5301095304909338, "energy_level": 0.9389604863909823, "expected_uptime": 0.5579667670107376, "availability": 0.5579667670107376, "dropout_risk": 0.44203323298926245, "mobility_score": 0.670794751735792, "burstiness": 0.20362114265940137, "throughput": 57909.74770842427,