{"num_clients": 20, "num_classes": 2, "feature_dim": 21, "non_iid": true, "balance": false, "partition": "by_session", "client_partition": "by_session", "Size of samples for labels in clients": [[[0, 35130], [1, 43856]], [[0, 26276], [1, 52710]], [[0, 40343], [1, 10642]], [[0, 34142], [1, 16843]], [[0, 39906], [1, 35136]], [[0, 30639], [1, 44403]], [[0, 40972], [1, 9710]], [[0, 35439], [1, 15243]], [[0, 52667], [1, 15964]], [[0, 43789], [1, 24842]], [[0, 61032], [1, 30670]], [[0, 56472], [1, 35230]], [[0, 56796], [1, 32186]], [[0, 49228], [1, 39754]], [[0, 55336], [1, 45668]], [[0, 48370], [1, 52634]], [[0, 65177], [1, 22366]], [[0, 56674], [1, 30870]], [[0, 60676], [1, 18128]], [[0, 37275], [1, 41530]]], "client_profiles": [{"scenario_id": 1, "compute_capacity": 0.05, "link_quality": 0.9695120140025061, "energy_level": 0.05, "expected_uptime": 0.3718292049008771, "availability": 0.3718292049008771, "dropout_risk": 0.6281707950991229, "mobility_score": 1.0, "burstiness": 0.5676412073831716, "attack_exposure": 0.588887095451355, "bus_load": 1313.0753218764364, "message_jitter": 0.08415807783603668, "payload_dispersion": 59.00250244140625, "unique_can_ratio": 7.089899931126686e-05, "profile_source": "data_driven_from_uavcan_bus_statistics", "cluster_id": 1}, {"scenario_id": 1, "compute_capacity": 0.08494173534922317, "link_quality": 0.5932379319750662, "energy_level": 0.05, "expected_uptime": 0.2523628835635013, "availability": 0.2523628835635013, "dropout_risk": 0.7476371164364988, "mobility_score": 0.8096373068040427, "burstiness": 0.5661779661582315, "attack_exposure": 0.5942693948745728, "bus_load": 1308.6603772192063, "message_jitter": 0.49265095591545105, "payload_dispersion": 57.238189697265625, "unique_can_ratio": 8.102660711211044e-05, "profile_source": "data_driven_from_uavcan_bus_statistics", "cluster_id": 1}, {"scenario_id": 2, "compute_capacity": 0.9182050249058404, "link_quality": 0.7697488120553075, "energy_level": 0.9413578175337725, "expected_uptime": 0.8731911881965335, "availability": 0.8731911881965335, "dropout_risk": 0.12680881180346648, "mobility_score": 0.2440489474995332, "burstiness": 0.544327555418475, "attack_exposure": 0.23486214876174927, "bus_load": 798.820021323289, "message_jitter": 0.09678175300359726, "payload_dispersion": 58.989017486572266, "unique_can_ratio": 0.00010983665719979287, "profile_source": "data_driven_from_uavcan_bus_statistics", "cluster_id": 2}, {"scenario_id": 2, "compute_capacity": 0.9522972660341602, "link_quality": 0.25777362539286997, "energy_level": 0.8717118538924751, "expected_uptime": 0.685038368167203, "availability": 0.685038368167203, "dropout_risk": 0.314961631832797, "mobility_score": 0.007311422581346649, "burstiness": 0.543580148546603, "attack_exposure": 0.2661499083042145, "bus_load": 818.52323267183, "message_jitter": 0.617922842502594, "payload_dispersion": 58.960140228271484, "unique_can_ratio": 0.00012552760822833473, "profile_source": "data_driven_from_uavcan_bus_statistics", "cluster_id": 0}, {"scenario_id": 3, "compute_capacity": 0.23385508364350469, "link_quality": 0.7911766045071383, "energy_level": 0.22574295825282428, "expected_uptime": 0.4264839783285723, "availability": 0.4264839783285723, "dropout_risk": 0.5735160216714277, "mobility_score": 0.9063457491037914, "burstiness": 0.5617392216586696, "attack_exposure": 0.5047760009765625, "bus_load": 1220.0720130140319, "message_jitter": 0.07965816557407379, "payload_dispersion": 69.54776763916016, "unique_can_ratio": 7.462527451440268e-05, "profile_source": "data_driven_from_uavcan_bus_statistics", "cluster_id": 1}, {"scenario_id": 3, "compute_capacity": 0.33416528044855776, "link_quality": 0.3813471562847691, "energy_level": 0.188052005487358, "expected_uptime": 0.3068449545028718, "availability": 0.3068449545028718, "dropout_risk": 0.6931550454971283, "mobility_score": 0.7276973095665946, "burstiness": 0.5576367363972873, "attack_exposure": 0.5173501968383789, "bus_load": 1235.7904158736685, "message_jitter": 0.5041193962097168, "payload_dispersion": 69.2836685180664, "unique_can_ratio": 8.528511881283115e-05, "profile_source": "data_driven_from_uavcan_bus_statistics", "cluster_id": 1}, {"scenario_id": 4, "compute_capacity": 0.8802821387575671, "link_quality": 0.6380369798008405, "energy_level": 0.99, "expected_uptime": 0.8284116914954427, "availability": 0.8284116914954427, "dropout_risk": 0.1715883085045573, "mobility_score": 0.25214408214427664, "burstiness": 0.5474720691607629, "attack_exposure": 0.21734119951725006, "bus_load": 801.5297372087559, "message_jitter": 0.09535444527864456, "payload_dispersion": 67.9502944946289, "unique_can_ratio": 0.00011049374921075893, "profile_source": "data_driven_from_uavcan_bus_statistics", "cluster_id": 2}, {"scenario_id": 4, "compute_capacity": 0.9175873166847335, "link_quality": 0.10014611131873748, "energy_level": 0.9438884468844602, "expected_uptime": 0.6393732338665528, "availability": 0.6393732338665528, "dropout_risk": 0.36062676613344724, "mobility_score": 0.0, "burstiness": 0.5468582069331503, "attack_exposure": 0.2430981993675232, "bus_load": 816.4146083845907, "message_jitter": 0.6079439520835876, "payload_dispersion": 69.88003540039062, "unique_can_ratio": 0.000126276577273373, "profile_source": "data_driven_from_uavcan_bus_statistics", "cluster_id": 0}, {"scenario_id": 5, "compute_capacity": 0.7993732795478268, "link_quality": 0.7297336001964558, "energy_level": 0.8958737589003201, "expected_uptime": 0.8039495355805948, "availability": 0.8039495355805948, "dropout_risk": 0.1960504644194052, "mobility_score": 0.3695148534424376, "burstiness": 0.5459527173366482, "attack_exposure": 0.27483710646629333, "bus_load": 856.9213608640623, "message_jitter": 0.09491728246212006, "payload_dispersion": 63.835784912109375, "unique_can_ratio": 9.325204863094336e-05, "profile_source": "data_driven_from_uavcan_bus_statistics", "cluster_id": 2}, {"scenario_id": 5, "compute_capacity": 0.6786540282888834, "link_quality": 0.1659559035377163, "energy_level": 0.7962456136128586, "expected_uptime": 0.5344871602231674, "availability": 0.5344871602231674, "dropout_risk": 0.46551283977683255, "mobility_score": 0.25927111481502607, "burstiness": 0.5505592741919065, "attack_exposure": 0.31512197852134705, "bus_load": 918.2248668335245, "message_jitter": 0.5957814455032349, "payload_dispersion": 70.51642608642578, "unique_can_ratio": 9.325204863094336e-05, "profile_source": "data_driven_from_uavcan_bus_statistics", "cluster_id": 0}, {"scenario_id": 6, "compute_capacity": 0.4081374012373155, "link_quality": 0.7140613284127972, "energy_level": 0.8164765669380727, "expected_uptime": 0.6377125254589613, "availability": 0.6377125254589613, "dropout_risk": 0.3622874745410387, "mobility_score": 0.4400088304965528, "burstiness": 0.5591547715488349, "attack_exposure": 0.3537037670612335, "bus_load": 891.7081217876432, "message_jitter": 0.09221690148115158, "payload_dispersion": 66.2022476196289, "unique_can_ratio": 6.979158487965314e-05, "profile_source": "data_driven_from_uavcan_bus_statistics", "cluster_id": 2}, {"scenario_id": 6, "compute_capacity": 0.37538701696977234, "link_quality": 0.10667571307010876, "energy_level": 0.8115392633065834, "expected_uptime": 0.4121837345059334, "availability": 0.4121837345059334, "dropout_risk": 0.5878162654940666, "mobility_score": 0.219128178569431, "burstiness": 0.5608726756023403, "attack_exposure": 0.3537006676197052, "bus_load": 901.998003714249, "message_jitter": 0.7120749950408936, "payload_dispersion": 67.0711441040039, "unique_can_ratio": 6.979097602679974e-05, "profile_source": "data_driven_from_uavcan_bus_statistics", "cluster_id": 0}, {"scenario_id": 7, "compute_capacity": 0.3955487802286033, "link_quality": 0.8245278240180498, "energy_level": 0.5224775665441701, "expected_uptime": 0.5837700814495796, "availability": 0.5837700814495796, "dropout_risk": 0.41622991855042035, "mobility_score": 0.6497091683212859, "burstiness": 0.5570974009922031,